music,singer
독 (Feat. E-Sens Of 슈프림팀),프라이머리
그만 생각하고 싶다,스윙스
꿀맛,정미애
Sweet Little Lies,Bulow
Everglow,Coldplay
Smoking Dreams,Jazzyfact
어깨,YDG
달마시안,허클베리피 (Huckleberry P)
If I Can`t Have You,Shawn Mendes
Sixteen,Ellie Goulding
"잘 (I`m fine) (With 슬리피, 로꼬, 후디)",GRAY (그레이)
꿈이 뭐야 (Dream Chaser) (Feat. Dok2 & 크러쉬),GRAY (그레이)
Grind,팔로알토 (Paloalto)
휴게소,BewhY (비와이)
Come For You (Feat. HOMEBOY & FNRL.),Osshun Gum
위로 (Feat. ODEE),넉살
Homebody,pH-1
BestDriver (Feat. 개코 Of 다이나믹듀오),행주
On & On (Feat. 이하이),Dok2
Outro : Wings,방탄소년단
It's Not Living (If It's Not With You),The 1975
INTRO : Never Mind,방탄소년단
Save (Feat. 팔로알토)(Prod. 코드 쿤스트),루피 (Loopy)
"My Wave (Feat. CHANGMO, 김효은)",The Quiett
뒤집어버려,박재범
겁 (Feat. 태양),MINO (송민호)
Miracle,CHVRCHES
마라톤,Dok2
ME! (Feat. Brendon Urie),Taylor Swift
거리에서,성시경
좀 쉬자,스윙스
